platform,source_id,source_url,source_title_or_caption,author_or_channel,sport,event_name,source_timestamp,records_collected
Instagram,@bcciwomen,https://www.instagram.com/bcciwomen/,,@bcciwomen,Cricket,India women’s cricket / Asian Games 2026,,0
Instagram,@icc,https://www.instagram.com/icc/,,@icc,Cricket,India women’s cricket / Asian Games 2026,,0
Instagram,@harmanpreetkaur,https://www.instagram.com/harmanpreetkaur/,,@harmanpreetkaur,Cricket,India women’s cricket / Asian Games 2026,,0
Instagram,@indiancricketteam,https://www.instagram.com/indiancricketteam/,,@indiancricketteam,Cricket,India women’s cricket / Asian Games 2026,,0
X,2102314505049079943,https://x.com/PMOIndia/status/2102314505049079943,"A splendid triumph for Indian cricket!

Heartiest congratulations to our Women’s Cricket Team on winning the Gold medal at the Asian Games. It was a commanding performance at the Games, marked by confidence, skill and wonderful teamwork.

This victory also brings India its first Gold of this edition of the Games. The team has made the nation proud and will inspire countless young cricketers across the country.

Best wishes to the entire squad: PM @narendramodi",@PMOIndia,Cricket,India vs Sri Lanka (2026 Asian Games Women’s Cricket Final),2026-09-22 08:30:11 UTC,1
X,2102309647713738986,https://x.com/rajnathsingh/status/2102309647713738986,"An exceptional game of cricket and an outstanding result! 

Proud of our Indian women cricket team for winning the first Gold Medal at the Asian Games 2026. They have played wonderfully through the Games. Such an impressive display of skill and teamwork. Congratulations to our team for the splendid victory and scripting a new cricketing history at the Asian Games.",@rajnathsingh,Cricket,India vs Sri Lanka (2026 Asian Games Women’s Cricket Final),2026-09-22 08:10:53 UTC,1
X,2102255928657731772,https://x.com/IndiaSportsHub/status/2102255928657731772,"India wins toss, opts to bat first in women's cricket gold medal match against Sri Lanka #AsianGames",@IndiaSportsHub,Cricket,India vs Sri Lanka (2026 Asian Games Women’s Cricket Final),2026-09-22 04:37:26 UTC,1
X,2102276728353648952,https://x.com/OlympicKhel/status/2102276728353648952,"Cheering for Team India at #AichiNagoya2026 🇮🇳🏏

Indian fans have gathered to support women's cricket team for their gold medal match against Sri Lanka in #AsianGames. 👏",@OlympicKhel,Cricket,India vs Sri Lanka (2026 Asian Games Women’s Cricket Final),2026-09-22 06:00:05 UTC,1
X,2102258544414470350,https://x.com/thebharatarmy/status/2102258544414470350,"Toss Update 🪙🇮🇳

India win the toss and elect to bat first against Sri Lanka in the Asian Games Women’s Cricket final. 🏏

The gold medal clash is underway! 🥇🔥",@thebharatarmy,Cricket,India vs Sri Lanka (2026 Asian Games Women’s Cricket Final),2026-09-22 04:47:49 UTC,1
X,2102305594715881722,https://x.com/BCCIWomen/status/2102305594715881722,"Back-to-back 𝗚𝗢𝗟𝗗 𝗠𝗘𝗗𝗔𝗟𝗟𝗜𝗦𝗧𝗦 🏅

Congratulations to #TeamIndia on clinching a 2️⃣nd consecutive Gold Medal in women's cricket at the #AsianGames 🇮🇳👏

Scorecard ▶️ https://www.bcci.tv/matches/d3c75d45-2022-444a-b41e-55372ed319f8/sri-lanka-women-vs-india-women",@BCCIWomen,Cricket,India vs Sri Lanka (2026 Asian Games Women’s Cricket Final),2026-09-22 07:54:47 UTC,1
X,2102262048318988786,https://x.com/OneSportsPHL/status/2102262048318988786,"Asian Games Team Philippines results | Sept 22

🥉🥋 Karate | Women's kata team gets bronze, third for 🇵🇭
🏊 Swimming | Sanchez, White, Santos, Chua qualify for finals
🏀 3x3 | Gilas Women wins vs Mongolia
🤸 Gymnastics | Ruivivar, Kvamme, Garcia in contention by end of Subdivision 1
🥊 Boxing | Villegas bows out early

#LakasNgPilipino #AsianGames #AichiNagoya2026

https://www.onesports.ph/story/?q=6aabde66bd749d0002043da8",@OneSportsPHL,Cricket,India vs Sri Lanka (2026 Asian Games Women’s Cricket Final),2026-09-22 05:01:45 UTC,1
YouTube,QEiPeEoches,https://www.youtube.com/watch?v=QEiPeEoches,IND vs SL LIVE: Women’s Cricket Final | Asian Games Gold Clash | Asian Games 2026 LIVE | NewsX 2026-09-22 14:24,NewsX Live,Cricket,India vs Sri Lanka (2026 Asian Games Women’s Cricket Final),20260922,0
YouTube,h220hklYL6U,https://www.youtube.com/watch?v=h220hklYL6U,India Women vs Sri Lanka Women Asian Games Final Match Full Highlights 2026,NaatProduction1292,Cricket,India vs Sri Lanka (2026 Asian Games Women’s Cricket Final),20260922,12
YouTube,_bMc6-PZhYk,https://www.youtube.com/watch?v=_bMc6-PZhYk,India vs Sri Lanka Highlights | Women's Final Asian Games 2026 | Mandhana 79 & Ghosh Fireworks,BD VoicE,Cricket,India vs Sri Lanka (2026 Asian Games Women’s Cricket Final),20260922,57
YouTube,aNGQYemw4T0,https://www.youtube.com/watch?v=aNGQYemw4T0,Final Full Highlights India vs Sri Lanka Women  Asian Games 2026 || ind vs sl final 2026,Cricket Dream,Cricket,India vs Sri Lanka (2026 Asian Games Women’s Cricket Final),20260922,1
YouTube,oRPJG-45qhY,https://www.youtube.com/watch?v=oRPJG-45qhY,Asian Games 2026 LIVE: India Women vs Sri Lanka Women Final | Gold Medal Match | IND-W vs SL-W 2026-09-22 14:24,Cricit,Cricket,India vs Sri Lanka (2026 Asian Games Women’s Cricket Final),20260922,0
YouTube,M3ovG9tQ17Y,https://www.youtube.com/watch?v=M3ovG9tQ17Y,Asian Games 2026: GOLD Medal For INDIA! #TeamIndia defeat Sri Lanka by 147 runs | Doordarshan Sports,Prasar Bharati Sports,Cricket,India vs Sri Lanka (2026 Asian Games Women’s Cricket Final),20260922,6
YouTube,MQOVJ9Ej6xQ,https://www.youtube.com/watch?v=MQOVJ9Ej6xQ,Indian Women's vs Sri Lankan Women's Final Match Highlights Asian Games 2026 Today.,Top Breaking News 0.2,Cricket,India vs Sri Lanka (2026 Asian Games Women’s Cricket Final),20260922,7
YouTube,ZyGYCRJM28U,https://www.youtube.com/watch?v=ZyGYCRJM28U,India Women vs Sri Lanka Women Final Match Highlights 2026 | Women's Asian Games 2026 | IND-W vs SL,Shah G Video,Cricket,India vs Sri Lanka (2026 Asian Games Women’s Cricket Final),20260922,16
YouTube,D6q5sMrPWKk,https://www.youtube.com/watch?v=D6q5sMrPWKk,"India vs Sri Lanka Women Asian games Final Highlights 2026,IND W vs SL W Final Highlights",Cricket Watchers,Cricket,India vs Sri Lanka (2026 Asian Games Women’s Cricket Final),20260922,0
YouTube,tJGtNUfTRyY,https://www.youtube.com/watch?v=tJGtNUfTRyY,"INDIA vs Srilanka Women Asian Games Final 2026 Full Highlights, IND W VS SL W Final Full Highlight",Sports Edge Cricket,Cricket,India vs Sri Lanka (2026 Asian Games Women’s Cricket Final),20260922,0
YouTube,xxOfBc0l6m8,https://www.youtube.com/watch?v=xxOfBc0l6m8,India vs srilanka women final match highlights|woman asian game2026#indiawoman #srilankawoman #India,GK GS FACTS,Cricket,India vs Sri Lanka (2026 Asian Games Women’s Cricket Final),20260922,18
YouTube,T2f06FBa2_8,https://www.youtube.com/watch?v=T2f06FBa2_8,India w vs Sri Lanka w Asian Games FINAL Full Highlights | IND vs SL Final Last Over Full Highlights,Cric7 Videos,Cricket,India vs Sri Lanka (2026 Asian Games Women’s Cricket Final),20260921,0
YouTube,ZS5uqWYx5_A,https://www.youtube.com/watch?v=ZS5uqWYx5_A,"India vs Srilanka women Asian Games Final 2026 full Highlights, Ind w vs Sl w Final Full Highlights",Sports Edge Cricket,Cricket,India vs Sri Lanka (2026 Asian Games Women’s Cricket Final),20260921,4
YouTube,XPaUAuiMLOA,https://www.youtube.com/watch?v=XPaUAuiMLOA,India-W's GOLD At Asian Games 2026 LIVE 🔴: Women's Cricket Team Beats Sri Lanka in Final 2026-09-22 14:24,Asianet News English,Cricket,India vs Sri Lanka (2026 Asian Games Women’s Cricket Final),20260922,0
YouTube,rFWnBMG6gz4,https://www.youtube.com/watch?v=rFWnBMG6gz4,Asian Games 2026: India Women's Cricket Team Beats Sri Lanka By 147 Runs For First Gold | WION,WION,Cricket,India vs Sri Lanka (2026 Asian Games Women’s Cricket Final),20260922,6
YouTube,J_gLtLPuuDQ,https://www.youtube.com/watch?v=J_gLtLPuuDQ,Asian Games 2026: Smriti Mandhana stars as India retain women's cricket gold medal,Republic World,Cricket,India vs Sri Lanka (2026 Asian Games Women’s Cricket Final),20260922,0
YouTube,FWJGnrEGy7I,https://www.youtube.com/watch?v=FWJGnrEGy7I,Asian Games 2026: India Win First Gold | Women’s Cricket Team Beat Sri Lanka By 147 Runs | News18,CNN-News18,Cricket,India vs Sri Lanka (2026 Asian Games Women’s Cricket Final),20260922,3
YouTube,FqndewxMEbk,https://www.youtube.com/watch?v=FqndewxMEbk,Asian Games 2026: India Win First Gold As Women Beat Sri Lanka | Indian Women Cricket Team,India Today,Cricket,India vs Sri Lanka (2026 Asian Games Women’s Cricket Final),20260922,1
YouTube,Iqnenvo8K1E,https://www.youtube.com/watch?v=Iqnenvo8K1E,Asian Games 2026: Indian Women's Cricket Team Wins India's First Gold Medal,DD India,Cricket,India vs Sri Lanka (2026 Asian Games Women’s Cricket Final),20260922,2
YouTube,yNRPjYUmM58,https://www.youtube.com/watch?v=yNRPjYUmM58,Asian Games 2026 Day 3: Women's Cricket Gold Medal Bout & Historic India-Japan T20I,DD India,Cricket,India vs Sri Lanka (2026 Asian Games Women’s Cricket Final),20260922,4
YouTube,h_1GnC28TpU,https://www.youtube.com/watch?v=h_1GnC28TpU,BREAKING LIVE: India Shines At Asian Games As Women's Cricket Team Wins First Gold Medal,moneycontrol,Cricket,India vs Sri Lanka (2026 Asian Games Women’s Cricket Final),20260922,1
YouTube,xh2cY4Lzokk,https://www.youtube.com/watch?v=xh2cY4Lzokk,Asian Games 2026 | Indian Women's Cricket Team Wins Gold | India's First Gold At Asian Games 2026,NDTV,Cricket,India vs Sri Lanka (2026 Asian Games Women’s Cricket Final),20260922,1
YouTube,tmX9VOKA6UE,https://www.youtube.com/watch?v=tmX9VOKA6UE,Asian Games 2026: India’s First Gold At Asian Games 2026 Comes From Women’s Cricket | IND vs SL,India Today,Cricket,India vs Sri Lanka (2026 Asian Games Women’s Cricket Final),20260922,0
YouTube,AFDdNKUeUGQ,https://www.youtube.com/watch?v=AFDdNKUeUGQ,Asian Games 2026:  Indian Women's Cricket Team Wins a Gold Medal Beating Sri Lanka | Breaking News,ET Now,Cricket,India vs Sri Lanka (2026 Asian Games Women’s Cricket Final),20260922,6
YouTube,2kpdpjDBmM0,https://www.youtube.com/watch?v=2kpdpjDBmM0,"Asian Games 2026: India's Asian Games Gold Rush Starts, Harmanpreet Kaur And Co. Defend Title",NDTV,Cricket,India vs Sri Lanka (2026 Asian Games Women’s Cricket Final),20260922,0
YouTube,MhO73EEbFI8,https://www.youtube.com/watch?v=MhO73EEbFI8,First Gold For India At Asian Games 2026: India's Women Cricket Team Crush Sri Lanka by 147 Runs,WION,Cricket,India vs Sri Lanka (2026 Asian Games Women’s Cricket Final),20260922,0
YouTube,mtCL4hZqzGg,https://www.youtube.com/watch?v=mtCL4hZqzGg,,,Cricket,India vs Sri Lanka (2026 Asian Games Women’s Cricket Final),,0
YouTube,pTM7PR7-esA,https://www.youtube.com/watch?v=pTM7PR7-esA,India wins first Asian Games gold as Harmanpreet Kaur leads women’s cricket team in Nisshin,The Hindu,Cricket,India vs Sri Lanka (2026 Asian Games Women’s Cricket Final),20260922,1
YouTube,_Fxr7szSK9Q,https://www.youtube.com/watch?v=_Fxr7szSK9Q,Asian Games 2026: Team India ने जीता Gold Medal | भारत की बेटियों ने फिर इतिहास बनाया | IND vs SL,News24 Sports,Cricket,India vs Sri Lanka (2026 Asian Games Women’s Cricket Final),20260922,2
YouTube,XqzbTefhX_s,https://www.youtube.com/watch?v=XqzbTefhX_s,Asian Games 2026: Deepti Sharma Speaks To NDTV After India Retains Gold With Dominant Win Over SL,NDTV,Cricket,India vs Sri Lanka (2026 Asian Games Women’s Cricket Final),20260922,0
YouTube,PmTKZWjIK0I,https://www.youtube.com/watch?v=PmTKZWjIK0I,Tanveer Ahmed Crying after India Womens Win Gold Medal in Asian Games Games,Rajnish mystery word ,Cricket,India vs Sri Lanka (2026 Asian Games Women’s Cricket Final),20260922,2
YouTube,3sXyQtO7lnA,https://www.youtube.com/watch?v=3sXyQtO7lnA,Shahid Afridi Crying on India Women Win vs Srilanka Womens | Pak Media on India Gold Medal,Rajnish mystery word ,Cricket,India vs Sri Lanka (2026 Asian Games Women’s Cricket Final),20260922,3
YouTube,4LatHOyuzD4,https://www.youtube.com/watch?v=4LatHOyuzD4,LIVE || Asian Games 2026: Women's Cricket - Gold for India,Revsportz,Cricket,India vs Sri Lanka (2026 Asian Games Women’s Cricket Final),20260922,2
YouTube,MA3h_1ucIbo,https://www.youtube.com/watch?v=MA3h_1ucIbo,India Women Win Gold! 🥇🇮🇳 Crushed Sri Lanka by 147 Runs in the Asian Games 2026 Final! 🔥🏏,Apex Sports,Cricket,India vs Sri Lanka (2026 Asian Games Women’s Cricket Final),20260922,37
YouTube,K4WPHhTaVtQ,https://www.youtube.com/watch?v=K4WPHhTaVtQ,India vs Bangladesh Semi Final 2026 Highlights | Women's Asian Games 2026 | INDW vs BANW Semi Final,Mr Cricketer,Cricket,India vs Bangladesh (2026 Asian Games Women’s Cricket Semifinal),20260920,9
YouTube,MSn6IJVS8YI,https://www.youtube.com/watch?v=MSn6IJVS8YI,🔥 Indian Women Team Into Asian Games 2026 Final while Pakistan Team Exit From Asian Games Pak Media😜,RAJU CRICINFO,Cricket,India vs Bangladesh (2026 Asian Games Women’s Cricket Semifinal),20260920,10
YouTube,T35AbJ72c2M,https://www.youtube.com/watch?v=T35AbJ72c2M,"INDIA vs Bangladesh Women Semifinal Asian Games 2026 Full Highlights, IND W VS BAN W Full Highlight",Sports Edge Cricket,Cricket,India vs Bangladesh (2026 Asian Games Women’s Cricket Semifinal),20260920,3
YouTube,NrvYmVMPvsM,https://www.youtube.com/watch?v=NrvYmVMPvsM,"India vs Bangladesh Women Asian Games Semi final Highlights 2026, INDW vs BANW Semi final Highlights",Crick Day,Cricket,India vs Bangladesh (2026 Asian Games Women’s Cricket Semifinal),20260920,3
YouTube,UdH6RoRcKZM,https://www.youtube.com/watch?v=UdH6RoRcKZM,Pak Media Shocked Shafali Verma 100 In 49 Balls | Ind W Vs Ban W Highlights | Pak Reacts,HINDUSTAN FIRST,Cricket,India vs Bangladesh (2026 Asian Games Women’s Cricket Semifinal),20260920,5
YouTube,FORUKSrif2E,https://www.youtube.com/watch?v=FORUKSrif2E,"INDIA vs Bangladesh Women Asian Games 2026 Semifinal Full Highlights, IND W VS BAN W Full Highlight",BPC Media,Cricket,India vs Bangladesh (2026 Asian Games Women’s Cricket Semifinal),20260920,4
YouTube,NwAiNAw764U,https://www.youtube.com/watch?v=NwAiNAw764U,India women storm Asian games final | safali Verma brilliant century | pak women out of final,Voice of Hindustan 2.O,Cricket,India vs Bangladesh (2026 Asian Games Women’s Cricket Semifinal),20260920,39
YouTube,1AxR5J0db1M,https://www.youtube.com/watch?v=1AxR5J0db1M,Tanvir Ahmed Shahid Afridi shocked SLw beat Pakistan w in Asian game semi final T20  Pak | Reaction,Bharat News 2.0,Cricket,Sri Lanka vs Pakistan (2026 Asian Games Women’s Cricket Semifinal),20260921,27
YouTube,5x0tz5Qokrc,https://www.youtube.com/watch?v=5x0tz5Qokrc,Pakistan Beat Bangladesh to Win Bronze at Asian Games 2026 | Geo News,Geo News,Cricket,Pakistan vs Bangladesh (2026 Asian Games Women’s Cricket Bronze Medal Match),20260922,5
YouTube,3Hzb4bhs_EY,https://www.youtube.com/watch?v=3Hzb4bhs_EY,Pakw vs banw Match Highlights |Pakistan Women Win Bronze!Fatima Sana & Umme Hani Destroy Bangladesh!,Ismaeel media Talk,Cricket,Pakistan vs Bangladesh (2026 Asian Games Women’s Cricket Bronze Medal Match),20260922,4
YouTube,2SZgoNgsLPg,https://www.youtube.com/watch?v=2SZgoNgsLPg,Fatima Sana led Pakistan SEALS Bronze MEDAL | Pakistan Women in Asian Games 2026,Sawera Pasha,Cricket,Pakistan vs Bangladesh (2026 Asian Games Women’s Cricket Bronze Medal Match),20260922,3
YouTube,mV6H1rHu-hQ,https://www.youtube.com/watch?v=mV6H1rHu-hQ,Pakistan Women Win Bronze at Asian Games After Beating Bangladesh! | Express News,Express News,Cricket,Pakistan vs Bangladesh (2026 Asian Games Women’s Cricket Bronze Medal Match),20260922,0
YouTube,dV2YiTytW7M,https://www.youtube.com/watch?v=dV2YiTytW7M,🔥পাকিস্তানের কাছে ৩১ রানে হার! ব্রোঞ্জও হাতছাড়া বাংলাদেশের 😱 | BAN-W vs PAK-W,BatBall,Cricket,Pakistan vs Bangladesh (2026 Asian Games Women’s Cricket Bronze Medal Match),20260922,56
YouTube,QN9v8kIdzJ8,https://www.youtube.com/watch?v=QN9v8kIdzJ8,"Pakistan vs Bangladesh Women Asian Games Bronze Medal Highlights 2026,PAK W vs BAN W Bronze Meda",dablu news,Cricket,Pakistan vs Bangladesh (2026 Asian Games Women’s Cricket Bronze Medal Match),20260922,0
YouTube,NAOc1-A8m3k,https://www.youtube.com/watch?v=NAOc1-A8m3k,Pakistan Women vs Bangladesh Women | Asian Games 2026 | Bronze Medal Match,Pak Sports Flix,Cricket,Pakistan vs Bangladesh (2026 Asian Games Women’s Cricket Bronze Medal Match),20260922,0
YouTube,pelhIRQssVs,https://www.youtube.com/watch?v=pelhIRQssVs,"INDIA vs JAPAN Women Asian Games 2026 Full Highlights, IND W VS JAPAN W Asian Games Final Highlight",Sports Edge Cricket,Cricket,India vs Japan (2026 Asian Games Women’s Cricket Quarterfinal),20260919,1
YouTube,mvNUZ9WMeig,https://www.youtube.com/watch?v=mvNUZ9WMeig,Full Highlights India Women Vs Japan Women  Asians Games 2026 || Ind vs Jpn,GAME HIGHLIGHTZ,Cricket,India vs Japan (2026 Asian Games Women’s Cricket Quarterfinal),20260918,5
YouTube,N2f9Dd-Kuj8,https://www.youtube.com/watch?v=N2f9Dd-Kuj8,India Women's vs Japan Women's Asian Games 2026 match highlights today.,Top Breaking News 0.2,Cricket,India vs Japan (2026 Asian Games Women’s Cricket Quarterfinal),20260918,0
YouTube,ySwBfGa5FxM,https://www.youtube.com/watch?v=ySwBfGa5FxM,India Vs Japan Women Asian Games 2026 Quarter Final Match | Smriti Brilliant Knock Highlight,CRIC P,Cricket,India vs Japan (2026 Asian Games Women’s Cricket Quarterfinal),20260916,8
YouTube,C6pEbH23Vzc,https://www.youtube.com/watch?v=C6pEbH23Vzc,"India vs Japan Women Asian Games Quarter Final Highlights 2026,INDW vs JapW Quarter Final Highlights",Cricket Watchers,Cricket,India vs Japan (2026 Asian Games Women’s Cricket Quarterfinal),20260918,0
YouTube,Gwj8ItilOWA,https://www.youtube.com/watch?v=Gwj8ItilOWA,BREAKING Asian Games 2026: India women’s team crush Japan in cricket quarterfinal,Sports Today,Cricket,India vs Japan (2026 Asian Games Women’s Cricket Quarterfinal),20260918,0
YouTube,w5UVzDFGrBU,https://www.youtube.com/watch?v=w5UVzDFGrBU,"Live: Asian games 2026 Day 4 India!! Shooting, Wushu, Kabaddi, Hockey, TT, Medals Loading! Scores",Vibhor Shrivastava Entertainment,Multi-sport,Asian Games 2026 Day 4 India coverage,20260922,3
YouTube,AGOyHVfZFBs,https://www.youtube.com/watch?v=AGOyHVfZFBs,"🔴 Asian Games 2026 LIVE | India vs Sri Lanka Hockey, India vs Korea Table Tennis, Shooting | Day 4",Khel Now TV,Multi-sport,Asian Games 2026 Day 4 India coverage,20260922,0
YouTube,iq7ba5s5xLU,https://www.youtube.com/watch?v=iq7ba5s5xLU,"🔴ASIAN GAMES 2026 DAY 4 REPORT: CRICKET में INDIA का GOLD से धमाका, दो और MEDALS हुए CONFIRM",Sports Tak,Multi-sport,Asian Games 2026 Day 4 India coverage,20260922,0
YouTube,nbaXN1qe5Ow,https://www.youtube.com/watch?v=nbaXN1qe5Ow,LIVE - Day 4 - 20th Asian Games Aichi-Nagoya 2026 | Doordarshan Sports,Prasar Bharati Sports,Multi-sport,Asian Games 2026 Day 4 India coverage,20260922,0
YouTube,h4v4IxHCuyM,https://www.youtube.com/watch?v=h4v4IxHCuyM,"🔴 Asian Games 2026 LIVE | India vs Sri Lanka Cricket, India vs Japan Badminton, Boxing | Day 4",Khel Now TV,Multi-sport,Asian Games 2026 Day 4 India coverage,20260922,0
YouTube,kwHDRETgVfk,https://www.youtube.com/watch?v=kwHDRETgVfk,"🔴 Live: IND-W vs SL-W, Final Asian Games 2026 | Hindi Commentary & Score | Cricket Match Watch Along",CricTalks2,Cricket,India vs Sri Lanka (2026 Asian Games Women’s Cricket Final),20260922,0
YouTube,x9hJtIxR-nk,https://www.youtube.com/watch?v=x9hJtIxR-nk,INDIA'S EPIC DAY 3! 🇮🇳🥇 Cricket GOLD | Thrash Japan in Badminton 3-0! | Asian Games 2026 #india,Mr MBA Sports,Multi-sport,Asian Games 2026 India Day 4,20260922,0
YouTube,0qjpB38wSFE,https://www.youtube.com/watch?v=0qjpB38wSFE,"Breaking News: एक ही दिन में 2 बार Pakistan को हराया, भारत का दमदार प्रदर्शन | Asian Games 2026",Aaj Tak,Multi-sport,Asian Games 2026 Day 4 India coverage,20260921,3
YouTube,wH9v5V8YFhk,https://www.youtube.com/watch?v=wH9v5V8YFhk,India’s BIG Asian Games Day! 2 Silvers + Cricket Final 🔥,StumpTales,Multi-sport,Asian Games 2026 India Day 4,20260921,27
YouTube,F-2RQpTs_0U,https://www.youtube.com/watch?v=F-2RQpTs_0U,Asian Games 2026: India Wins First Gold | Women’s Cricket & Suchika Tariyal Make History | News18,CNN-News18,Cricket,Asian Games 2026 India women’s cricket gold,20260922,2
YouTube,0WoQqoL7q5M,https://www.youtube.com/watch?v=0WoQqoL7q5M,"Team India Wins Gold at Asian Games 2026, Coach and Players Celebrate",The Tribune,Cricket,India women’s cricket gold medal celebration (2026 Asian Games),20260922,0
YouTube,LInc7YLrHOM,https://www.youtube.com/watch?v=LInc7YLrHOM,22 September Results Round-Up!,Study India Sports GS,Multi-sport,Asian Games 2026 September 22 results,20260922,0
YouTube,Ipy8enhSQmI,https://www.youtube.com/watch?v=Ipy8enhSQmI,LIVE - Day 3 - 20th Asian Games Aichi-Nagoya 2026 | Doordarshan Sports,Prasar Bharati Sports,Multi-sport,Asian Games 2026 Day 3 India coverage,20260921,1
YouTube,sb5ey0GabSs,https://www.youtube.com/watch?v=sb5ey0GabSs,"🔴 Asian Games 2026 LIVE | India vs Pakistan Table Tennis, Kabaddi, Boxing & Medal Hunt | Day 3",Khel Now TV,Multi-sport,Asian Games 2026 Day 3 India coverage,20260921,2
YouTube,Thp3W_pN4Pk,https://www.youtube.com/watch?v=Thp3W_pN4Pk,"Asian Games 2026: India schedule on September 20, event timings and medal chances",Sports Today,Multi-sport,Asian Games 2026 Day 3 India schedule,20260919,1
YouTube,YMxos2epgRg,https://www.youtube.com/watch?v=YMxos2epgRg,"Asian Games 2026 Day 2: India Bags Two Shooting Silvers, Women’s Cricket Team Enters Final | News18",CNN-News18,Multi-sport,Asian Games 2026 Day 2 India coverage,20260920,1
YouTube,zOrydAjJwuU,https://www.youtube.com/watch?v=zOrydAjJwuU,Asian Games 2026: India Shines In Nagoya! 2 Silvers And Cricket Final Berth | Breaking News | ET Now,ET Now,Multi-sport,Asian Games 2026 India Day 3 coverage,20260921,1
YouTube,ghZ8Z22gO2Y,https://www.youtube.com/watch?v=ghZ8Z22gO2Y,Asian Games 2026 Medal Tally Day 2 | 21 September 2026 | All Countries Medal Table | India Medals,The Knowledge Guru,Multi-sport,Asian Games 2026 medal tally,20260921,0
YouTube,P8GFTHPodL8,https://www.youtube.com/watch?v=P8GFTHPodL8,"India Women vs Srilanka Women, Final Live Analysis & Discussion INDW vs SLW Asian Games Final 2026",Sports With Vishesh,Cricket,India vs Sri Lanka (2026 Asian Games Women’s Cricket Final),20260922,1
YouTube,2xujkEsQU-k,https://www.youtube.com/watch?v=2xujkEsQU-k,🔴 Asian Games 2026 Day 3 LIVE  Commentary | Women’s Cricket Final & Shooting | India Live Score,Only Truth,Multi-sport,Asian Games 2026 Day 3 India coverage,20260922,0
